time,rank,symbol,name,price,chg,chg_pct,open,prev,volume,amount
11:01,1,3481,群創,45.6,6.95,0.77,52.2,45.25,1108000,535.8779
11:01,2,2409,友達,22.0,3.8,0.00,25.8,22.0,723080,166.9365
11:01,3,6116,彩晶,10.6,0.28,1.15,10.76,10.48,427514,45.3197
11:01,4,2344,華邦電,13.55,0.85,0.74,14.3,13.45,386041,54.4663
11:01,5,6770,力積電,141.0,8.0,6.02,141.0,133.0,280677,389.7610
11:01,6,1802,台玻,71.2,5.6,4.71,73.6,68.0,271693,193.1407
11:01,7,2002,中鋼,76.3,7.9,4.09,81.2,73.3,247441,193.2344
11:01,8,2303,聯電,31.49,0.79,1.25,31.89,31.1,207368,65.3661
11:01,9,2324,仁寶,20.05,1.05,0.50,21.0,19.95,199865,40.8851
11:01,10,2312,金寶,130.5,5.5,1.95,133.5,128.0,190307,249.2844
11:01,11,2356,英業達,33.25,3.15,1.37,35.95,32.8,178469,61.0603
11:01,12,009816,凱基台灣TOP50,39.0,1.75,1.96,40.0,38.25,165815,65.4930
11:01,13,2408,南亞科,62.1,7.7,0.49,69.5,61.8,135651,87.5899
11:01,14,2337,旺宏,34.4,1.01,0.61,35.2,34.19,122200,42.3603
11:01,15,2489,瑞軒,14.79,0.22,0.54,14.93,14.71,116004,17.1951
11:01,16,2353,宏碁,306.0,18.5,3.55,314.0,295.5,109038,332.2868
11:01,17,00919,群益台灣精選高息,159.5,11.0,5.63,162.0,151.0,105654,166.3976
11:01,18,1303,南亞,51.2,6.8,0.59,57.7,50.9,102149,54.3000
11:01,19,2449,京元電子,31.6,3.05,1.28,34.25,31.2,92663,29.8783
11:01,20,6282,康舒,27.95,0.28,0.72,28.03,27.75,80201,22.3763
11:01,21,2881,富邦金,90.9,6.6,3.53,94.4,87.8,79168,72.5442
11:01,22,2887,台新新光金,21.82,0.61,1.49,22.11,21.5,77566,16.9446
11:01,23,2369,菱生,342.0,40.5,11.04,348.5,308.0,71680,237.2124
11:01,24,2313,華通,61.8,3.7,3.00,63.7,60.0,70516,43.6984
11:01,25,6239,力成,102.0,4.7,4.29,102.5,97.8,58850,58.9105
11:01,26,0050,元大台灣50,24.0,0.65,2.56,24.05,23.4,58782,14.0168
11:01,27,2481,強茂,37.7,1.05,2.86,37.7,36.65,56508,21.1905
11:01,28,2301,光寶科,286.0,16.5,1.24,299.0,282.5,55830,161.8339
11:01,29,00878,國泰永續高股息,18.77,0.45,1.24,18.99,18.54,55679,10.4465
11:01,30,4919,新唐,342.0,16.5,5.07,342.0,325.5,55236,188.4626
11:01,31,3042,晶技,100.75,1.5,0.45,101.8,100.3,54088,54.6244
11:01,32,00891,中信關鍵半導體,10.74,0.16,1.13,10.78,10.62,54088,5.7896
11:01,33,2317,鴻海,147.0,11.5,8.49,147.0,135.5,50674,71.5705
11:01,34,2367,燿華,236.5,17.5,5.58,241.5,224.0,49253,114.9472
11:01,35,00929,復華台灣科技優息,110.5,6.0,2.31,114.0,108.0,48506,54.0193
11:01,36,4906,正文,47033.0,29.83,158580.84,9.0633,29.64,29,0.3500
11:01,37,3576,聯合再生,46731.0,24.08,194856.20,13.8532,23.97,23,0.3800
11:01,38,00940,元大台灣價值高息,43355.0,230.0,19971.76,10.3727,216.0,206,24.0000
11:01,39,6443,元晶,41347.0,212.0,20470.65,90.3794,201.0,182,30.0000
11:01,40,8150,南茂,40895.0,260.5,15598.66,81.8195,260.5,243,17.5000
11:01,41,2484,希華,40734.0,35.56,115523.05,104.6179,35.23,34,0.6400
11:01,42,8110,華東,10.59,4.035,-99.97,0.17,37844.0,258,263.5000
11:01,43,3149,正達,257.0,95.4007,-99.30,6.5,36664.0,66,70.2000
11:01,44,4927,泰鼎-KY,66.1,24.2887,-99.82,4.1,35949.0,100,100.5000
11:01,45,9105,泰金寶-DR,94.7,35.0011,-99.73,5.8,35642.0,29,29.4600
11:01,46,1513,中興電,28.97,10.0549,-99.92,0.49,34348.0,14,14.7400
11:01,47,2618,長榮航,14.46,4.9292,-99.96,0.28,33724.0,681,707.0000
11:01,48,3711,日月光投控,654.0,228.3425,-98.05,53.0,33566.0,42,44.4500
11:01,49,1605,華新,42.0,14.3575,-99.87,2.45,33505.0,18,20.7500
11:01,50,2014,中鴻,18.85,6.566,-99.94,1.9,33309.0,11,11.8400
11:01,51,2883,凱基金,11.74,3.8622,-99.96,0.1,32750.0,42,45.7000
11:01,52,2880,華南金,42.3,14.2621,-99.87,3.4,32521.0,87,88.1000
11:01,53,3673,TPK-KY,83.8,28.0318,-99.74,4.3,32425.0,53,56.4000
11:01,54,4526,東台,50.4,17.3245,-99.84,6.0,32213.0,21,21.7500
11:01,55,4958,臻鼎-KY,21.2,6.6872,-99.93,0.55,31172.0,48,48.7900
11:01,56,2027,大成鋼,48.15,14.7698,-99.84,0.64,30482.0,54,55.1000
11:01,57,3714,富采,50.1,15.9531,-99.83,5.0,30120.0,19,19.5100
11:01,58,3231,緯創,19.11,5.798,-99.94,0.4,30052.0,65,67.9000
11:01,59,2485,兆赫,61.8,18.8283,-99.79,6.1,29127.0,60,65.9000
11:01,60,2382,廣達,59.7,17.9874,-99.79,6.2,28760.0,8,8.1600
11:01,61,2610,華航,8.16,2.2903,-99.97,0.0,28068.0,166,172.0000
11:01,62,1402,遠東新,164.0,45.8798,-99.40,8.0,27341.0,35,36.0500
11:01,63,2891,中信金,35.45,9.731,-99.87,0.6,27211.0,607,636.0000
11:01,64,2882,國泰金,590.0,163.5096,-97.80,46.0,26773.0,14,14.7400
11:01,65,3037,欣興,14.72,3.9087,-99.94,0.02,26538.0,37,38.3000
11:01,66,1717,長興,37.05,9.6409,-99.86,1.25,25694.0,18,19.6000
11:01,67,2884,玉山金,18.25,4.8153,-99.93,1.35,25376.0,21,21.8000
11:01,68,2441,超豐,21.55,5.4453,-99.91,0.25,25102.0,31,31.4500
11:01,69,2890,永豐金,30.85,7.7855,-99.88,0.6,25021.0,87,87.4000
11:01,70,2377,微星,85.2,21.3548,-99.65,2.2,24510.0,44,44.3500
11:01,71,1101,台泥,40.45,10.2799,-99.83,3.9,24034.0,523,539.0000
11:01,72,2402,毅嘉,516.0,126.6065,-97.85,23.0,23945.0,41,44.7500
11:10,1,3481,群創,45.75,6.95,1.10,52.2,45.25,1117000,540.2865
11:10,2,2409,友達,22.0,3.8,0.00,25.8,22.0,734651,169.4826
11:10,3,6116,彩晶,10.6,0.28,1.15,10.76,10.48,437469,46.3748
11:10,4,2344,華邦電,13.7,0.85,1.86,14.3,13.45,390972,55.1355
11:10,5,6770,力積電,141.0,8.0,6.02,141.0,133.0,282619,392.4992
11:10,6,1802,台玻,71.2,5.6,4.71,73.6,68.0,277292,197.1158
11:10,7,2002,中鋼,75.6,7.9,3.14,81.2,73.3,252923,197.3841
11:10,8,2303,聯電,31.48,0.79,1.22,31.89,31.1,211369,66.6252
11:10,9,2324,仁寶,20.05,1.05,0.50,21.0,19.95,201799,41.2728
11:10,10,2312,金寶,130.5,5.5,1.95,133.5,128.0,192675,252.3729
11:10,11,2356,英業達,33.2,3.15,1.22,35.95,32.8,180788,61.8303
11:10,12,009816,凱基台灣TOP50,39.0,1.75,1.96,40.0,38.25,169016,66.7370
11:10,13,2408,南亞科,62.2,7.7,0.65,69.5,61.8,138258,89.2080
11:10,14,2337,旺宏,34.4,1.01,0.61,35.2,34.19,125787,43.5933
11:10,15,2489,瑞軒,14.79,0.22,0.54,14.93,14.71,117481,17.4134
11:10,16,2353,宏碁,305.0,18.5,3.21,314.0,295.5,109880,334.8591
11:10,17,00919,群益台灣精選高息,160.0,11.0,5.96,162.0,151.0,107465,169.2834
11:10,18,1303,南亞,51.2,6.8,0.59,57.7,50.9,103408,54.9433
11:10,19,2449,京元電子,31.65,3.05,1.44,34.25,31.2,93900,30.2690
11:10,20,6282,康舒,27.96,0.28,0.76,28.03,27.75,81322,22.6897
11:10,21,2887,台新新光金,90.8,6.6,3.42,94.4,87.8,79656,72.9874
11:10,22,2881,富邦金,21.85,0.61,1.63,22.11,21.5,78943,17.2451
11:10,23,2313,華通,342.5,40.5,11.20,348.5,308.0,73459,243.3215
11:10,24,2369,菱生,61.8,3.7,3.00,63.7,60.0,71591,44.3629
11:10,25,6239,力成,24.05,0.7,2.78,24.1,23.4,63374,15.1214
11:10,26,0050,元大台灣50,102.0,4.7,4.29,102.5,97.8,59886,59.9688
11:10,27,2481,強茂,284.5,16.5,0.71,299.0,282.5,59813,173.1913
11:10,28,2301,光寶科,18.76,0.45,1.19,18.99,18.54,57095,10.7121
11:10,29,00878,國泰永續高股息,37.7,1.05,2.86,37.7,36.65,56568,21.2131
11:10,30,4919,新唐,342.0,16.5,5.07,342.0,325.5,55302,188.6883
11:10,31,3042,晶技,100.75,1.5,0.45,101.8,100.3,55095,55.6383
11:10,32,00891,中信關鍵半導體,10.74,0.16,1.13,10.78,10.62,54499,5.8338
11:10,33,2367,燿華,147.0,11.5,8.49,147.0,135.5,50774,71.7175
11:10,34,2317,鴻海,110.0,6.0,1.85,114.0,108.0,50144,55.8230
11:10,35,00929,復華台灣科技優息,237.5,17.5,6.03,241.5,224.0,50135,117.0369
11:10,36,4906,正文,19.26,0.39,1.05,19.45,19.06,48037,9.2566
11:10,37,3189,景碩,29.65,0.35,0.58,29.83,29.48,47459,14.0689
11:10,38,3576,聯合再生,23.96,0.38,1.10,24.08,23.7,43969,10.5197
11:10,39,2484,希華,214.5,24.0,4.13,230.0,206.0,41637,91.0014
11:10,40,6443,元晶,198.5,30.0,9.07,212.0,182.0,41537,83.0993
11:10,41,00940,元大台灣價值高息,260.5,17.5,7.20,260.5,243.0,40790,104.7638
11:10,42,8150,南茂,35.21,0.64,0.83,35.56,34.92,40503,14.2858
11:10,43,8110,華東,10.64,0.17,0.47,10.76,10.59,39278,4.1877
11:10,44,0056,元大高股息,66.5,4.1,0.61,70.2,66.1,37496,25.3141
11:10,45,3149,正達,258.5,6.5,0.58,263.5,257.0,37106,96.5418
11:10,46,4927,泰鼎-KY,100.5,5.8,6.12,100.5,94.7,35690,35.0494
11:10,47,9105,泰金寶-DR,29.23,0.49,0.90,29.46,28.97,34993,10.2434
11:10,48,2618,長榮航,43.0,2.45,2.38,44.45,42.0,34231,14.6687
11:10,49,1513,中興電,14.59,0.28,0.90,14.74,14.46,34135,4.9892
11:10,50,3711,日月光投控,683.0,53.0,4.43,707.0,654.0,33947,230.9382
11:10,51,2883,凱基金,18.9,1.9,0.27,20.75,18.85,33693,6.6386
11:10,52,1605,華新,53.1,6.0,5.36,56.4,50.4,32981,17.7313
11:10,53,2014,中鴻,42.65,3.4,0.83,45.7,42.3,32927,14.4350
11:10,54,2880,華南金,11.77,0.1,0.26,11.84,11.74,32899,3.8798
11:10,55,3673,TPK-KY,87.1,4.3,3.94,88.1,83.8,32746,28.3112
11:10,56,4526,東台,21.6,0.55,1.89,21.75,21.2,32376,6.9465
11:10,57,4958,臻鼎-KY,54.8,5.0,9.38,55.1,50.1,31301,16.5941
11:10,58,2027,大成鋼,48.44,0.64,0.60,48.79,48.15,30981,15.0114
11:10,59,3714,富采,19.26,0.4,0.78,19.51,19.11,30832,5.9482
11:10,60,2382,廣達,66.1,6.1,6.96,67.9,61.8,29687,19.1972
11:10,61,3231,緯創,60.5,6.2,1.34,65.9,59.7,29048,18.1605
11:10,62,2485,兆赫,8.16,0.0,0.00,8.16,8.16,28888,2.3573
11:10,63,1402,遠東新,35.7,0.6,0.71,36.05,35.45,28026,10.0217
11:10,64,2610,華航,165.5,8.0,0.91,172.0,164.0,27718,46.5035
11:10,65,2891,中信金,609.0,46.0,3.22,636.0,590.0,27269,166.5194
11:10,66,2882,國泰金,14.73,0.02,0.07,14.74,14.72,27100,3.9915
11:10,67,2884,玉山金,21.75,0.25,0.93,21.8,21.55,27010,5.8610
11:10,68,2890,永豐金,37.25,1.25,0.54,38.3,37.05,26160,9.8144
11:10,69,2441,超豐,18.6,1.35,1.92,19.6,18.25,25677,4.8711
11:10,70,1717,長興,31.25,0.6,1.30,31.45,30.85,25626,7.9744
11:10,71,3037,欣興,87.4,2.2,2.58,87.4,85.2,24564,21.4020
11:10,72,2377,微星,44.35,3.9,9.64,44.35,40.45,24547,10.5074
11:10,73,1101,台泥,526.0,23.0,1.94,539.0,516.0,24200,127.9421
11:10,74,2402,毅嘉,41.85,3.25,0.84,44.75,41.5,23790,10.1166
11:10,1,3481,群創,45.8,6.95,1.22,52.2,45.25,1118000,540.7580
11:10,2,2409,友達,22.05,3.8,0.23,25.8,22.0,736700,169.9334
11:10,3,6116,彩晶,10.6,0.28,1.15,10.76,10.48,439719,46.6133
11:10,4,2344,華邦電,13.7,0.85,1.86,14.3,13.45,391456,55.2018
11:10,5,6770,力積電,141.0,8.0,6.02,141.0,133.0,282778,392.7234
11:10,6,1802,台玻,71.0,5.6,4.41,73.6,68.0,279525,198.7014
11:10,7,2002,中鋼,75.4,7.9,2.86,81.2,73.3,253832,198.0703
11:10,8,2303,聯電,31.48,0.79,1.22,31.89,31.1,212132,66.8653
11:10,9,2324,仁寶,20.1,1.05,0.75,21.0,19.95,202233,41.3598
11:10,10,2312,金寶,130.5,5.5,1.95,133.5,128.0,193122,252.9576
11:10,11,2356,英業達,33.25,3.15,1.37,35.95,32.8,181403,62.0348
11:10,12,009816,凱基台灣TOP50,38.95,1.75,1.83,40.0,38.25,169215,66.8144
11:10,13,2408,南亞科,62.2,7.7,0.65,69.5,61.8,138431,89.3156
11:10,14,2337,旺宏,34.37,1.01,0.53,35.2,34.19,126623,43.8808
11:10,15,2489,瑞軒,14.79,0.22,0.54,14.93,14.71,117714,17.4479
11:10,16,2353,宏碁,305.5,18.5,3.38,314.0,295.5,110055,335.3935
11:10,17,00919,群益台灣精選高息,160.0,11.0,5.96,162.0,151.0,109853,173.1034
11:10,18,1303,南亞,51.2,6.8,0.59,57.7,50.9,103490,54.9853
11:10,19,2449,京元電子,31.6,3.05,1.28,34.25,31.2,94021,30.3073
11:10,20,6282,康舒,27.96,0.28,0.76,28.03,27.75,81686,22.7914
11:10,21,2887,台新新光金,90.7,6.6,3.30,94.4,87.8,79815,73.1317
11:10,22,2881,富邦金,21.85,0.61,1.63,22.11,21.5,79125,17.2849
11:10,23,2313,華通,341.5,40.5,10.88,348.5,308.0,74045,245.3214
11:10,24,2369,菱生,61.8,3.7,3.00,63.7,60.0,71623,44.3827
11:10,25,6239,力成,24.1,0.7,2.99,24.1,23.4,63916,15.2519
11:10,26,0050,元大台灣50,102.5,5.2,4.81,103.0,97.8,61631,61.7573
11:10,27,2481,強茂,284.0,16.5,0.53,299.0,282.5,60576,175.3582
11:10,28,2301,光寶科,18.76,0.45,1.19,18.99,18.54,57122,10.7171
11:10,29,00878,國泰永續高股息,37.7,1.05,2.86,37.7,36.65,56589,21.2210
11:10,30,4919,新唐,342.0,16.5,5.07,342.0,325.5,55392,188.9961
11:10,31,3042,晶技,100.75,1.5,0.45,101.8,100.3,55379,55.9244
11:10,32,00891,中信關鍵半導體,10.75,0.16,1.22,10.78,10.62,54645,5.8495
11:10,33,2367,燿華,147.0,11.5,8.49,147.0,135.5,50808,71.7674
11:10,34,2317,鴻海,237.0,17.5,5.80,241.5,224.0,50204,117.2005
11:10,35,00929,復華台灣科技優息,110.5,6.0,2.31,114.0,108.0,50178,55.8604
11:10,36,4906,正文,19.26,0.39,1.05,19.45,19.06,48528,9.3511
11:10,37,3189,景碩,29.64,0.35,0.54,29.83,29.48,47565,14.1004
11:10,38,3576,聯合再生,23.97,0.38,1.14,24.08,23.7,44153,10.5638
11:10,39,2484,希華,214.0,24.0,3.88,230.0,206.0,41667,91.0657
11:10,40,00940,元大台灣價值高息,199.0,30.0,9.34,212.0,182.0,41662,83.3472
11:10,41,6443,元晶,260.5,17.5,7.20,260.5,243.0,40901,105.0529
11:10,42,8150,南茂,35.18,0.64,0.74,35.56,34.92,40545,14.3006
11:10,43,8110,華東,10.64,0.17,0.47,10.76,10.59,39314,4.1915
11:10,44,0056,元大高股息,66.4,4.1,0.45,70.2,66.1,37636,25.4071
11:10,45,3149,正達,258.5,6.5,0.58,263.5,257.0,37244,96.8981
11:10,46,4927,泰鼎-KY,100.5,5.8,6.12,100.5,94.7,35702,35.0614
11:10,47,9105,泰金寶-DR,29.2,0.49,0.79,29.46,28.97,35055,10.2615
11:10,48,2618,長榮航,42.8,2.45,1.90,44.45,42.0,34500,14.7838
11:10,49,2883,凱基金,14.58,0.28,0.83,14.74,14.46,34191,4.9973
11:10,50,1513,中興電,682.0,53.0,4.28,707.0,654.0,33996,231.2722
11:10,51,3711,日月光投控,18.9,1.9,0.27,20.75,18.85,33747,6.6488
11:10,52,1605,華新,53.1,6.0,5.36,56.4,50.4,33019,17.7514
11:10,53,2880,華南金,11.77,0.1,0.26,11.84,11.74,32953,3.8861
11:10,54,2014,中鴻,42.65,3.4,0.83,45.7,42.3,32948,14.4439
11:10,55,4526,東台,87.1,4.3,3.94,88.1,83.8,32851,28.4026
11:10,56,3673,TPK-KY,21.63,0.55,2.03,21.75,21.2,32449,6.9623
11:10,57,4958,臻鼎-KY,54.8,5.0,9.38,55.1,50.1,31760,16.8458
11:10,58,2027,大成鋼,48.44,0.64,0.60,48.79,48.15,31049,15.0443
11:10,59,3714,富采,19.26,0.4,0.78,19.51,19.11,31016,5.9836
11:10,60,2382,廣達,65.8,6.1,6.47,67.9,61.8,29799,19.2710
11:10,61,1402,遠東新,60.5,6.2,1.34,65.9,59.7,29097,18.1902
11:10,62,3231,緯創,8.16,0.0,0.00,8.16,8.16,29088,2.3736
11:10,63,2485,兆赫,35.7,0.6,0.71,36.05,35.45,28208,10.0866
11:10,64,2610,華航,21.8,0.25,1.16,21.8,21.55,28197,6.1197
11:10,65,2891,中信金,165.5,8.0,0.91,172.0,164.0,27734,46.5299
11:10,66,2882,國泰金,608.0,46.0,3.05,636.0,590.0,27351,167.0178
11:10,67,2884,玉山金,14.73,0.02,0.07,14.74,14.72,27178,4.0030
11:10,68,2890,永豐金,37.15,1.25,0.27,38.3,37.05,26489,9.9369
11:10,69,2441,超豐,31.2,0.6,1.13,31.45,30.85,25822,8.0356
11:10,70,1717,長興,18.6,1.35,1.92,19.6,18.25,25691,4.8737
11:10,71,3037,欣興,44.35,3.9,9.64,44.35,40.45,24734,10.5904
11:10,72,2377,微星,87.4,2.2,2.58,87.4,85.2,24615,21.4465
11:10,73,1101,台泥,526.0,23.0,1.94,539.0,516.0,24282,128.3732
11:10,74,2402,毅嘉,41.8,3.25,0.72,44.75,41.5,23985,10.1981
11:10,75,2892,第一金,77.3,3.7,0.26,80.8,77.1,22309,17.5143
11:15,1,3481,群創,45.8,6.95,1.22,52.2,45.25,1120000,541.5735
11:15,2,2409,友達,22.0,3.8,0.00,25.8,22.0,738736,170.3814
11:15,3,6116,彩晶,10.6,0.28,1.15,10.76,10.48,441260,46.7767
11:15,4,2344,華邦電,13.65,0.85,1.49,14.3,13.45,392648,55.3646
11:15,5,6770,力積電,141.0,8.0,6.02,141.0,133.0,289104,401.6431
11:15,6,1802,台玻,71.3,5.6,4.85,73.6,68.0,280106,199.1149
11:15,7,2002,中鋼,75.3,7.9,2.73,81.2,73.3,254930,198.8970
11:15,8,2303,聯電,31.5,0.79,1.29,31.89,31.1,213604,67.3288
11:15,9,2324,仁寶,20.05,1.05,0.50,21.0,19.95,202506,41.4145
11:15,10,2312,金寶,130.5,5.5,1.95,133.5,128.0,193733,253.7568
11:15,11,2356,英業達,33.3,3.15,1.52,35.95,32.8,181959,62.2198
11:15,12,009816,凱基台灣TOP50,39.05,1.75,2.09,40.0,38.25,169887,67.0764
11:15,13,2337,旺宏,62.2,7.7,0.65,69.5,61.8,138629,89.4387
11:15,14,2408,南亞科,34.41,1.01,0.64,35.2,34.19,127134,44.0566
11:15,15,2489,瑞軒,14.8,0.22,0.61,14.93,14.71,118261,17.5287
11:15,16,2353,宏碁,161.5,11.0,6.95,162.0,151.0,113383,178.7815
11:15,17,00919,群益台灣精選高息,305.5,18.5,3.38,314.0,295.5,110211,335.8701
11:15,18,1303,南亞,51.2,6.8,0.59,57.7,50.9,103571,55.0268
11:15,19,2449,京元電子,31.6,3.05,1.28,34.25,31.2,94110,30.3354
11:15,20,6282,康舒,27.97,0.28,0.79,28.03,27.75,82059,22.8958
11:15,21,2887,台新新光金,90.8,6.6,3.42,94.4,87.8,79938,73.2433
11:15,22,2881,富邦金,21.85,0.61,1.63,22.11,21.5,79517,17.3705
11:15,23,2313,華通,342.5,40.5,11.20,348.5,308.0,74458,246.7377
11:15,24,2369,菱生,62.0,3.7,3.33,63.7,60.0,71923,44.5687
11:15,25,0050,元大台灣50,24.05,0.7,2.78,24.1,23.4,64397,15.3677
11:15,26,6239,力成,102.5,5.2,4.81,103.0,97.8,61915,62.0488
11:15,27,2481,強茂,283.0,16.5,0.18,299.0,282.5,61484,177.9313
11:15,28,2301,光寶科,18.77,0.45,1.24,18.99,18.54,57366,10.7629
11:15,29,00878,國泰永續高股息,37.7,1.05,2.86,37.7,36.65,56610,21.2290
11:15,30,4919,新唐,100.7,1.5,0.40,101.8,100.3,55561,56.1077
11:15,31,3042,晶技,342.0,16.5,5.07,342.0,325.5,55401,189.0269
11:15,32,00891,中信關鍵半導體,10.74,0.16,1.13,10.78,10.62,54823,5.8686
11:15,33,2367,燿華,147.0,11.5,8.49,147.0,135.5,50820,71.7851
11:15,34,2317,鴻海,237.0,17.5,5.80,241.5,224.0,50304,117.4376
11:15,35,00929,復華台灣科技優息,110.5,6.0,2.31,114.0,108.0,50299,55.9941
11:15,36,3189,景碩,48722.0,29.83,164223.78,9.3885,29.65,29,0.3500
11:15,37,00940,元大台灣價值高息,48363.0,24.08,201412.50,14.337,24.0,23,0.3800
11:15,38,3576,聯合再生,44387.0,230.0,20641.59,10.6199,214.0,206,24.0000
11:15,39,2484,希華,41740.0,212.0,20874.87,91.2219,199.0,182,30.0000
11:15,40,6443,元晶,41720.0,35.56,118389.07,83.4628,35.21,34,0.6400
11:15,41,8150,南茂,41344.0,260.5,15771.02,14.5819,260.5,243,17.5000
11:15,42,8110,華東,40911.0,10.76,383680.49,105.079,10.66,10,0.1700
11:15,43,0056,元大高股息,40155.0,70.2,60283.46,4.281,66.5,66,4.1000
11:15,44,2883,凱基金,37708.0,263.5,14487.23,25.4549,258.5,257,6.5000
11:15,45,3149,正達,37369.0,100.5,37083.08,97.2209,100.5,94,5.8000
11:15,46,4927,泰鼎-KY,35715.0,29.46,122169.77,35.0745,29.21,28,0.4900
11:15,47,9105,泰金寶-DR,35274.0,44.45,82219.72,10.3254,42.85,42,2.4500
11:15,48,2618,長榮航,34612.0,14.74,237130.98,14.8317,14.59,14,0.2800
11:15,49,1513,中興電,34286.0,707.0,4912.57,5.0112,684.0,654,53.0000
11:15,50,3711,日月光投控,34036.0,11.84,289075.87,231.5455,11.77,11,0.1000
11:15,51,1605,華新,33978.0,20.75,179677.78,4.0069,18.9,18,1.9000
11:15,52,2880,華南金,33834.0,56.4,63617.51,6.6652,53.1,50,6.0000
11:15,53,2014,中鴻,33047.0,45.7,77293.44,17.7663,42.7,42,3.4000
11:15,54,4526,東台,32977.0,88.1,37674.34,14.4563,87.3,83,4.3000
11:15,55,3673,TPK-KY,32916.0,21.75,152500.83,28.4594,21.57,21,0.5500
11:15,56,4958,臻鼎-KY,32455.0,55.1,59124.45,6.9636,54.8,50,5.0000
11:15,57,2027,大成鋼,31992.0,48.79,65958.23,16.9727,48.43,48,0.6400
11:15,58,2382,廣達,31161.0,19.51,161691.28,15.0985,19.26,19,0.4000
11:15,59,3714,富采,31070.0,21.9,141772.15,5.994,21.9,21,0.3500
11:15,60,1402,遠東新,30068.0,67.9,45665.60,6.5284,65.7,61,6.1000
11:15,61,2891,中信金,29868.0,65.9,49268.60,19.3164,60.5,59,6.2000
11:15,62,3231,緯創,29130.0,8.16,356885.29,18.2101,8.16,8,0.0000
11:15,63,2485,兆赫,29124.0,36.05,81479.83,2.3765,35.7,35,0.6000
11:15,64,2882,國泰金,28431.0,172.0,17027.11,10.1663,166.0,164,8.0000
11:15,65,2610,華航,27829.0,636.0,4477.14,46.6873,608.0,590,46.0000
11:15,66,2884,玉山金,27434.0,14.74,186145.76,167.5224,14.73,14,0.0200
11:15,67,2890,永豐金,27267.0,38.3,73395.96,4.0161,37.1,37,1.2500
11:15,68,2441,超豐,26896.0,31.45,85967.20,10.0881,31.25,30,0.6000
11:15,69,1717,長興,25990.0,19.6,139631.18,8.088,18.6,18,1.3500
11:15,70,3037,欣興,25702.0,44.35,57852.65,4.8758,44.35,40,3.9000
11:15,71,2377,微星,24793.0,87.4,28267.28,10.6165,87.4,85,2.2000
11:15,72,1101,台泥,24638.0,539.0,4575.14,21.4667,527.0,516,23.0000
11:15,73,2402,毅嘉,24318.0,44.75,58146.71,128.5626,41.75,41,3.2500
11:15,74,2892,第一金,24107.0,168.0,14510.30,10.2491,165.0,158,10.0000
11:20,1,3481,群創,45.65,6.95,0.88,52.2,45.25,1137000,549.1433
11:20,2,2409,友達,22.0,3.8,0.00,25.8,22.0,745719,171.9179
11:20,3,6116,彩晶,10.61,0.28,1.24,10.76,10.48,448975,47.5946
11:20,4,2344,華邦電,13.65,0.85,1.49,14.3,13.45,395770,55.7894
11:20,5,6770,力積電,141.0,8.0,6.02,141.0,133.0,290900,404.1755
11:20,6,1802,台玻,71.3,5.6,4.85,73.6,68.0,282046,200.4962
11:20,7,2002,中鋼,74.6,7.9,1.77,81.2,73.3,263780,205.5167
11:20,8,2303,聯電,31.52,0.79,1.35,31.89,31.1,218142,68.7580
11:20,9,2324,仁寶,20.0,1.05,0.25,21.0,19.95,203352,41.5840
11:20,10,2312,金寶,130.5,5.5,1.95,133.5,128.0,196527,257.4029
11:20,11,2356,英業達,33.25,3.15,1.37,35.95,32.8,183888,62.8607
11:20,12,2337,旺宏,38.95,1.75,1.83,40.0,38.25,171460,67.6882
11:20,13,009816,凱基台灣TOP50,62.4,7.7,0.97,69.5,61.8,139729,90.1233
11:20,14,2408,南亞科,34.41,1.01,0.64,35.2,34.19,128828,44.6390
11:20,15,2489,瑞軒,161.5,11.0,6.95,162.0,151.0,120464,190.2244
11:20,16,2353,宏碁,14.79,0.22,0.54,14.93,14.71,120386,17.8430
11:20,17,00919,群益台灣精選高息,305.0,18.5,3.21,314.0,295.5,111368,339.3985
11:20,18,1303,南亞,51.0,6.8,0.20,57.7,50.9,105332,55.9256
11:20,19,2449,京元電子,31.6,3.05,1.28,34.25,31.2,94424,30.4347
11:20,20,6282,康舒,27.92,0.28,0.61,28.03,27.75,84679,23.6280
11:20,21,2887,台新新光金,90.8,6.6,3.42,94.4,87.8,80788,74.0141
11:20,22,2313,華通,21.87,0.61,1.72,22.11,21.5,80729,17.6354
11:20,23,2881,富邦金,341.5,40.5,10.88,348.5,308.0,76090,252.3041
11:20,24,0050,元大台灣50,62.1,3.7,3.50,63.7,60.0,73798,45.7201
11:20,25,2369,菱生,24.1,0.7,2.99,24.1,23.4,66654,15.9112
11:20,26,6239,力成,283.5,16.5,0.35,299.0,282.5,63541,183.7577
11:20,27,00878,國泰永續高股息,102.0,5.2,4.29,103.0,97.8,63054,63.2149
11:20,28,2481,強茂,18.79,0.45,1.35,18.99,18.54,58097,10.9002
11:20,29,2301,光寶科,100.7,1.5,0.40,101.8,100.3,56704,57.2588
11:20,30,4919,新唐,37.7,1.05,2.86,37.7,36.65,56664,21.2493
11:20,31,3042,晶技,342.0,16.5,5.07,342.0,325.5,55444,189.1740
11:20,32,00891,中信關鍵半導體,10.73,0.16,1.04,10.78,10.62,55392,5.9297
11:20,33,2317,鴻海,29.65,0.35,0.58,29.83,29.48,52091,15.4421
11:20,34,2367,燿華,147.0,11.5,8.49,147.0,135.5,50963,71.9953
11:20,35,00929,復華台灣科技優息,238.5,17.5,6.47,241.5,224.0,50746,118.4879
11:20,36,00940,元大台灣價值高息,110.0,6.0,1.85,114.0,108.0,50681,56.4142
11:20,37,4906,正文,19.26,0.39,1.05,19.45,19.06,49826,9.6010
11:20,38,3576,聯合再生,23.99,0.38,1.22,24.08,23.7,44901,10.7432
11:20,39,3189,景碩,213.0,24.0,3.40,230.0,206.0,42170,92.1387
11:20,40,8150,南茂,198.0,30.0,8.79,212.0,182.0,41995,84.0077
11:20,41,2484,希華,35.22,0.64,0.86,35.56,34.92,41910,14.7811
11:20,42,6443,元晶,260.5,17.5,7.20,260.5,243.0,40942,105.1597
11:20,43,8110,華東,40590.0,263.5,15602.13,4.3274,258.5,257,6.5000
11:20,44,2883,凱基金,38137.0,70.2,57248.87,99.2042,66.5,66,4.1000
11:20,45,3149,正達,38109.0,14.75,258441.38,25.7213,14.74,14,0.0300
11:20,46,9105,泰金寶-DR,37790.0,100.5,37501.99,5.5672,100.5,94,5.8000
11:20,47,4927,泰鼎-KY,35766.0,29.46,122260.59,35.1258,29.23,28,0.4900
11:20,48,2618,長榮航,35589.0,11.84,302527.55,10.4175,11.76,11,0.1000
11:20,49,1513,中興電,34934.0,44.45,81712.65,4.1194,42.7,42,2.4500
11:20,50,3711,日月光投控,34900.0,14.74,238941.10,14.955,14.6,14,0.2800
11:20,51,1605,華新,34791.0,20.75,184958.51,5.0848,18.8,18,1.9500
11:20,52,2880,華南金,34259.0,707.0,4915.96,6.7453,683.0,654,53.0000
11:20,53,2014,中鴻,34252.0,88.1,39315.42,233.0193,86.9,83,4.3000
11:20,54,4526,東台,33484.0,56.4,63196.79,28.9523,52.9,50,6.0000
11:20,55,3673,TPK-KY,33428.0,45.7,78461.69,17.9673,42.55,42,3.4000
11:20,56,2027,大成鋼,33178.0,48.79,68378.84,14.542,48.45,48,0.6400
11:20,57,4958,臻鼎-KY,32986.0,21.75,152330.68,15.9822,21.64,21,0.5500
11:20,58,3714,富采,32955.0,55.1,60257.14,7.0717,54.6,50,5.0000
11:20,59,1402,遠東新,32694.0,19.51,169650.78,17.3561,19.26,19,0.4000
11:20,60,2382,廣達,31313.0,21.9,143208.92,6.0408,21.85,21,0.3500
11:20,61,2882,國泰金,30588.0,67.9,46528.05,6.642,65.6,61,6.1000
11:20,62,2891,中信金,30254.0,8.16,370659.80,19.5692,8.16,8,0.0000
11:20,63,2610,華航,29797.0,65.9,49232.78,2.4314,60.4,59,6.2000
11:20,64,2884,玉山金,29238.0,36.05,81684.62,18.2752,35.75,35,0.6000
11:20,65,2485,兆赫,29221.0,172.0,17503.01,10.4481,166.0,164,8.0000
11:20,66,3231,緯創,27972.0,636.0,4493.10,46.9245,609.0,590,46.0000
11:20,67,2890,永豐金,27720.0,38.3,74516.42,169.2632,37.15,37,1.2500
11:20,68,2441,超豐,27331.0,31.45,87359.20,10.2496,31.25,30,0.6000
11:20,69,1717,長興,26851.0,19.6,145040.54,8.3567,18.5,18,1.3500
11:20,70,3037,欣興,25914.0,168.0,15558.01,4.915,165.5,158,10.0000
11:20,71,1101,台泥,25183.0,44.35,56682.41,41.0378,44.35,40,3.9000
11:20,72,2377,微星,25056.0,87.4,28568.19,10.7332,87.4,85,2.2000
11:20,73,2402,毅嘉,24665.0,44.75,59190.87,21.4902,41.6,41,3.2500
11:20,74,2892,第一金,24622.0,539.0,4589.90,10.4636,525.0,516,23.0000
11:25,1,3481,群創,45.85,6.95,1.33,52.2,45.25,1143000,552.1083
11:25,2,2409,友達,22.05,3.8,0.23,25.8,22.0,748132,172.4490
11:25,3,6116,彩晶,10.62,0.28,1.34,10.76,10.48,454437,48.1742
11:25,4,2344,華邦電,13.75,0.85,2.23,14.3,13.45,397063,55.9665
11:25,5,6770,力積電,141.0,8.0,6.02,141.0,133.0,291275,404.7042
11:25,6,1802,台玻,71.4,5.6,5.00,73.6,68.0,283524,201.5509
11:25,7,2002,中鋼,74.6,7.9,1.77,81.2,73.3,265999,207.1726
11:25,8,2303,聯電,31.54,0.79,1.41,31.89,31.1,220067,69.3650
11:25,9,2324,仁寶,20.05,1.05,0.50,21.0,19.95,203941,41.7020
11:25,10,2312,金寶,130.5,5.5,1.95,133.5,128.0,197134,258.1953
11:25,11,2356,英業達,33.25,3.15,1.37,35.95,32.8,184817,63.1695
11:25,12,2337,旺宏,39.1,1.75,2.22,40.0,38.25,172392,68.0520
11:25,13,009816,凱基台灣TOP50,62.5,7.7,1.13,69.5,61.8,140285,90.4701
11:25,14,2408,南亞科,34.46,1.01,0.79,35.2,34.19,130430,45.1909
11:25,15,2489,瑞軒,162.0,11.5,7.28,162.5,151.0,127253,201.2301
11:25,16,2353,宏碁,14.81,0.22,0.68,14.93,14.71,122897,18.2147
11:25,17,00919,群益台灣精選高息,305.5,18.5,3.38,314.0,295.5,111763,340.6055
11:25,18,1303,南亞,51.4,6.8,0.98,57.7,50.9,105713,56.1208
11:25,19,2449,京元電子,31.6,3.05,1.28,34.25,31.2,94572,30.4815
11:25,20,6282,康舒,27.95,0.28,0.72,28.03,27.75,85322,23.8077
11:25,21,2887,台新新光金,21.89,0.61,1.81,22.11,21.5,81997,17.9128
11:25,22,2313,華通,90.7,6.6,3.30,94.4,87.8,81040,74.2430
11:25,23,2881,富邦金,340.0,40.5,10.39,348.5,308.0,77053,255.5867
11:25,24,0050,元大台灣50,62.0,3.7,3.33,63.7,60.0,74432,46.1131
11:25,25,2369,菱生,24.05,0.7,2.78,24.1,23.4,68812,16.4303
11:25,26,6239,力成,283.5,16.5,0.35,299.0,282.5,64271,185.8295
11:25,27,00878,國泰永續高股息,102.5,5.2,4.81,103.0,97.8,63761,63.9365
11:25,28,2481,強茂,18.82,0.45,1.51,18.99,18.54,59692,11.2000
11:25,29,2301,光寶科,100.85,1.5,0.55,101.8,100.3,57475,58.0359
11:25,30,00891,中信關鍵半導體,37.7,1.05,2.86,37.7,36.65,56707,21.2655
11:25,31,4919,新唐,10.73,0.16,1.04,10.78,10.62,56065,6.0019
11:25,32,3042,晶技,342.0,16.5,5.07,342.0,325.5,55609,189.7383
11:25,33,2317,鴻海,29.65,0.35,0.58,29.83,29.48,52528,15.5717
11:25,34,2367,燿華,147.0,11.5,8.49,147.0,135.5,51005,72.0570
11:25,35,00929,復華台灣科技優息,239.0,17.5,6.70,241.5,224.0,50928,118.9223
11:25,36,00940,元大台灣價值高息,109.5,6.0,1.39,114.0,108.0,50819,56.5659
11:25,37,4906,正文,19.26,0.39,1.05,19.45,19.06,50147,9.6629
11:25,38,3189,景碩,24.02,0.38,1.35,24.08,23.7,47181,11.2906
11:25,39,3576,聯合再生,10.67,0.17,0.76,10.76,10.59,42962,4.5803
11:25,40,8150,南茂,35.26,0.64,0.97,35.56,34.92,42539,15.0029
11:25,41,2484,希華,213.5,24.0,3.64,230.0,206.0,42329,92.4776
11:25,42,0056,元大高股息,200.5,30.0,10.16,212.0,182.0,42325,84.6685
11:25,43,6443,元晶,260.5,17.5,7.20,260.5,243.0,40951,105.1832
11:25,44,8110,華東,258.5,6.5,0.58,263.5,257.0,38513,100.1762
11:25,45,2883,凱基金,66.7,4.1,0.91,70.2,66.1,38276,25.8326
11:25,46,9105,泰金寶-DR,14.73,0.03,0.07,14.75,14.72,38169,5.6230
11:25,47,3149,正達,29.25,0.49,0.97,29.46,28.97,35859,10.4964
11:25,48,2618,長榮航,100.5,5.8,6.12,100.5,94.7,35817,35.1770
11:25,49,1605,華新,14.62,0.28,1.11,14.74,14.46,35603,5.2034
11:25,50,4927,泰鼎-KY,11.77,0.1,0.26,11.84,11.74,35544,4.1912
11:25,51,1513,中興電,42.8,2.45,1.90,44.45,42.0,35028,15.0098
11:25,52,3711,日月光投控,680.0,53.0,3.98,707.0,654.0,34470,234.5055
11:25,53,2880,華南金,18.85,1.95,0.27,20.75,18.8,34375,6.7672
11:25,54,2014,中鴻,86.6,4.3,3.34,88.1,83.8,33758,29.1901
11:25,55,2027,大成鋼,53.4,6.0,5.95,56.4,50.4,33722,18.1236
11:25,56,4526,東台,48.47,0.64,0.66,48.79,48.15,33397,16.1814
11:25,57,3673,TPK-KY,21.67,0.55,2.22,21.75,21.2,33394,7.1668
11:25,58,4958,臻鼎-KY,42.65,3.4,0.83,45.7,42.3,33293,14.5911
11:25,59,3714,富采,54.7,5.0,9.18,55.1,50.1,33016,17.5323
11:25,60,1402,遠東新,19.27,0.4,0.84,19.51,19.11,31831,6.1406
11:25,61,2382,廣達,21.85,0.35,1.39,21.9,21.55,31296,6.7966
11:25,62,2882,國泰金,8.16,0.0,0.00,8.16,8.16,30739,2.5083
11:25,63,3231,緯創,65.5,6.1,5.99,67.9,61.8,30386,19.6558
11:25,64,2891,中信金,35.7,0.6,0.71,36.05,35.45,29665,10.6068
11:25,65,2884,玉山金,36.95,1.4,0.14,38.3,36.9,29616,11.0956
11:25,66,2610,華航,60.3,6.2,1.01,65.9,59.7,29362,18.3500
11:25,67,2485,兆赫,165.5,8.0,0.91,172.0,164.0,28203,47.3069
11:25,68,2890,永豐金,607.0,46.0,2.88,636.0,590.0,27955,170.6936
11:25,69,2892,第一金,31.15,0.6,0.97,31.45,30.85,27450,8.5434
11:25,70,2441,超豐,18.45,1.35,1.10,19.6,18.25,25959,4.9233
11:25,71,1717,長興,41.45,3.35,0.12,44.75,41.4,25872,10.9825
11:25,72,1101,台泥,165.0,10.0,4.43,168.0,158.0,25580,41.6941
11:25,73,3037,欣興,44.35,3.9,9.64,44.35,40.45,25129,10.7656
11:25,74,2377,微星,87.4,2.2,2.58,87.4,85.2,24683,21.5060
11:30,1,3481,群創,46.1,6.95,1.88,52.2,45.25,1152000,555.9520
11:30,2,2409,友達,22.05,3.8,0.23,25.8,22.0,755246,174.0148
11:30,3,6116,彩晶,10.62,0.28,1.34,10.76,10.48,458251,48.5791
11:30,4,2344,華邦電,13.75,0.85,2.23,14.3,13.45,398729,56.1949
11:30,5,6770,力積電,141.0,8.0,6.02,141.0,133.0,291662,405.2499
11:30,6,1802,台玻,71.3,5.6,4.85,73.6,68.0,284785,202.4515
11:30,7,2002,中鋼,75.0,7.9,2.32,81.2,73.3,268425,208.9898
11:30,8,2303,聯電,31.52,0.79,1.35,31.89,31.1,221898,69.9420
11:30,9,2324,仁寶,20.0,1.05,0.25,21.0,19.95,204407,41.7953
11:30,10,2312,金寶,130.0,5.5,1.56,133.5,128.0,198369,259.8044
11:30,11,2356,英業達,33.25,3.15,1.37,35.95,32.8,186675,63.7872
11:30,12,2337,旺宏,39.25,1.75,2.61,40.0,38.25,174304,68.8007
11:30,13,009816,凱基台灣TOP50,62.3,7.7,0.81,69.5,61.8,140953,90.8864
11:30,14,2408,南亞科,34.5,1.01,0.91,35.2,34.19,131523,45.5676
11:30,15,2489,瑞軒,161.0,11.5,6.62,162.5,151.0,129243,204.4428
11:30,16,2353,宏碁,14.81,0.22,0.68,14.93,14.71,123679,18.3304
11:30,17,00919,群益台灣精選高息,305.0,18.5,3.21,314.0,295.5,114186,347.9840
11:30,18,1303,南亞,51.5,6.8,1.18,57.7,50.9,106346,56.4467
11:30,19,2449,京元電子,31.65,3.05,1.44,34.25,31.2,95093,30.6463
11:30,20,6282,康舒,27.94,0.28,0.68,28.03,27.75,86343,24.0929
11:30,21,2887,台新新光金,21.87,0.61,1.72,22.11,21.5,82551,18.0340
11:30,22,2313,華通,90.7,6.6,3.30,94.4,87.8,81358,74.5312
11:30,23,2881,富邦金,339.0,40.5,10.06,348.5,308.0,77812,258.1657
11:30,24,0050,元大台灣50,62.2,3.7,3.67,63.7,60.0,74853,46.3745
11:30,25,2369,菱生,24.0,0.7,2.56,24.1,23.4,70280,16.7828
11:30,26,6239,力成,284.0,16.5,0.53,299.0,282.5,64978,187.8333
11:30,27,00878,國泰永續高股息,102.0,5.2,4.29,103.0,97.8,64338,64.5259
11:30,28,2301,光寶科,18.81,0.45,1.46,18.99,18.54,60172,11.2903
11:30,29,00891,中信關鍵半導體,57854.0,37.7,153358.89,58.4179,37.7,36,1.0500
11:30,30,3042,晶技,56748.0,10.78,528772.32,21.281,10.73,10,0.1600
11:30,31,4919,新唐,56227.0,342.0,16340.64,6.0193,342.0,325,16.5000
11:30,32,2317,鴻海,55627.0,29.83,187702.16,189.7998,29.62,29,0.3500
11:30,33,2367,燿華,52936.0,241.5,22048.95,15.6926,239.0,224,17.5000
11:30,34,8110,華東,51117.0,147.0,34673.47,119.3737,147.0,135,11.5000
11:30,35,00940,元大台灣價值高息,51030.0,114.0,46290.91,72.0938,110.0,108,6.0000
11:30,36,00929,復華台灣科技優息,51002.0,19.45,264707.89,56.7667,19.26,19,0.3900
11:30,37,4906,正文,50533.0,24.08,210454.17,9.7372,24.0,23,0.3800
11:30,38,3189,景碩,47536.0,10.76,445410.78,11.3758,10.67,10,0.1700
11:30,39,3576,聯合再生,43997.0,35.56,124714.18,4.6908,35.25,34,0.6400
11:30,40,8150,南茂,42651.0,212.0,21066.75,15.0424,201.5,182,30.0000
11:30,41,2484,希華,42481.0,230.0,19844.13,84.9823,213.0,206,24.0000
11:30,42,0056,元大高股息,42435.0,260.5,16189.83,92.7034,260.5,243,17.5000
11:30,43,6443,元晶,40990.0,263.5,15756.87,105.2848,258.5,257,6.5000
11:30,44,2883,凱基金,38879.0,14.75,263665.26,101.1233,14.74,14,0.0300
11:30,45,9105,泰金寶-DR,38491.0,70.2,57607.65,5.6705,66.7,66,4.1000
11:30,46,3149,正達,38393.0,55.1,69578.77,25.9107,55.1,50,5.0000
11:30,47,1605,華新,36936.0,11.84,313448.39,19.6908,11.78,11,0.1000
11:30,48,2618,長榮航,36332.0,29.46,124154.45,4.2839,29.24,28,0.4900
11:30,49,4927,泰鼎-KY,36318.0,100.5,36037.31,10.6307,100.5,94,5.8000
11:30,50,1513,中興電,35863.0,14.74,245200.96,35.2232,14.62,14,0.2800
11:30,51,3711,日月光投控,35753.0,44.45,83630.68,5.2254,42.7,42,2.4500
11:30,52,2880,華南金,35251.0,707.0,5083.97,15.105,680.0,654,53.0000
11:30,53,2027,大成鋼,34567.0,20.75,182794.18,235.1648,18.9,18,1.9500
11:30,54,4526,東台,83.8,29.3117,-99.75,4.3,33898.0,53,56.4000
11:30,55,1402,遠東新,50.4,18.1552,-99.85,6.0,33781.0,21,21.7500
11:30,56,3673,TPK-KY,21.2,7.2241,-99.94,0.55,33659.0,48,48.7900
11:30,57,4958,臻鼎-KY,48.15,16.2812,-99.86,0.64,33603.0,42,45.7000
11:30,58,3714,富采,42.3,14.6653,-99.87,3.4,33467.0,21,21.9000
11:30,59,2382,廣達,21.55,7.2477,-99.94,0.35,33368.0,19,19.5100
11:30,60,2882,國泰金,19.11,6.1624,-99.94,0.4,31944.0,8,8.1600
11:30,61,2884,玉山金,8.16,2.6012,-99.97,0.0,31878.0,65,67.9000
11:30,62,3231,緯創,61.8,19.7392,-99.80,6.1,30513.0,37,38.3000
11:30,63,2891,中信金,36.9,11.2979,-99.88,1.4,30163.0,35,36.0500
11:30,64,2610,華航,35.45,10.775,-99.88,0.6,30136.0,61,65.9000
11:30,65,2485,兆赫,59.7,18.515,-99.80,6.2,29634.0,165,172.0000
11:30,66,2890,永豐金,164.0,47.4873,-99.42,8.0,28312.0,610,636.0000
11:30,67,2892,第一金,590.0,171.995,-97.91,46.0,28169.0,31,31.4500
11:30,68,2441,超豐,30.85,8.6628,-99.89,0.6,27833.0,41,44.7500
11:30,69,1101,台泥,41.35,11.301,-99.84,3.4,26641.0,18,19.6000
11:30,70,1717,長興,18.25,4.9305,-99.93,1.35,25998.0,164,168.0000
11:30,71,3037,欣興,158.0,42.222,-99.39,10.0,25901.0,44,44.3500
11:30,72,2377,微星,40.45,10.7953,-99.84,3.9,25196.0,26,27.2000
