date,symbol,name,action,shares,price_usd,fee_usd,total_usd,broker,note
2020-11-06,AAPL,Apple,BUY,3,118.24,1.06,355.78,Firstrade,
2020-12-16,AAPL,Apple,BUY,3,127.45,1.14,383.49,Firstrade,
2021-01-19,AAPL,Apple,BUY,3,127.72,1.14,384.30,Firstrade,
2021-01-26,AAPL,Apple,BUY,3,143.56,1.29,431.97,Firstrade,
2021-02-08,AAPL,Apple,BUY,3,136.11,1.22,409.55,Firstrade,
2021-02-16,AAPL,Apple,BUY,3,135.47,1.21,407.62,Firstrade,
2021-02-26,AAPL,Apple,BUY,3,122.61,1.10,368.93,Firstrade,
2021-03-08,AAPL,Apple,BUY,3,120.92,1.08,363.84,Firstrade,
2021-03-16,AAPL,Apple,BUY,3,125.71,1.13,378.26,Firstrade,
2021-03-26,AAPL,Apple,BUY,3,120.35,1.08,362.13,Firstrade,
2021-04-16,AAPL,Apple,BUY,5,134.51,2.01,674.56,Firstrade,
2021-05-17,AAPL,Apple,BUY,5,126.78,1.90,635.80,Firstrade,
2021-06-16,AAPL,Apple,BUY,5,130.40,1.95,653.95,Firstrade,
2021-07-16,AAPL,Apple,BUY,5,148.53,2.22,744.87,Firstrade,
2021-08-16,AAPL,Apple,BUY,5,148.60,2.22,745.22,Firstrade,
2021-09-16,AAPL,Apple,BUY,5,148.42,2.22,744.32,Firstrade,
2021-10-18,AAPL,Apple,BUY,5,143.45,2.15,719.40,Firstrade,
2021-11-16,AAPL,Apple,BUY,5,150.00,2.25,752.25,Firstrade,
2021-12-16,AAPL,Apple,BUY,5,179.15,2.68,898.43,Firstrade,
2022-01-18,AAPL,Apple,BUY,5,171.47,2.57,859.92,Firstrade,
2022-02-16,AAPL,Apple,BUY,5,171.87,2.57,861.92,Firstrade,
2022-03-16,AAPL,Apple,BUY,5,157.02,2.35,787.45,Firstrade,
2022-04-18,AAPL,Apple,BUY,5,163.90,1.47,820.97,Firstrade,
2022-05-18,AAPL,Apple,BUY,5,145.50,1.30,728.80,Firstrade,
2022-06-16,AAPL,Apple,BUY,1,132.00,0.23,132.23,Firstrade,
2022-07-18,AAPL,Apple,BUY,1,150.74,0.27,151.01,Firstrade,
2022-08-16,AAPL,Apple,BUY,1,172.62,0.31,172.93,Firstrade,
2022-09-16,AAPL,Apple,BUY,1,151.33,0.27,151.60,Firstrade,
2022-10-06,AAPL,Apple,BUY,1,145.82,0.26,146.08,Firstrade,
2020-11-16,MSFT,Microsoft,BUY,3,214.79,1.93,646.30,Firstrade,
2020-12-16,MSFT,Microsoft,BUY,2,214.83,1.28,430.94,Firstrade,
2021-01-19,MSFT,Microsoft,BUY,2,213.79,1.28,428.86,Firstrade,
2021-01-26,MSFT,Microsoft,BUY,2,231.89,1.39,465.17,Firstrade,
2021-02-08,MSFT,Microsoft,BUY,2,243.30,1.45,488.05,Firstrade,
2021-02-16,MSFT,Microsoft,BUY,2,245.02,1.47,491.51,Firstrade,
2021-02-26,MSFT,Microsoft,BUY,2,231.60,1.38,464.58,Firstrade,
2021-03-08,MSFT,Microsoft,BUY,2,231.48,1.38,464.34,Firstrade,
2021-03-16,MSFT,Microsoft,BUY,2,236.38,1.41,474.17,Firstrade,
2021-03-26,MSFT,Microsoft,BUY,2,231.71,1.39,464.81,Firstrade,
2021-04-16,MSFT,Microsoft,BUY,3,260.00,2.34,782.34,Firstrade,
2021-05-17,MSFT,Microsoft,BUY,3,246.43,2.21,741.50,Firstrade,
2021-06-16,MSFT,Microsoft,BUY,3,259.39,2.33,780.50,Firstrade,
2021-07-16,MSFT,Microsoft,BUY,2,282.28,1.69,566.25,Firstrade,
2021-08-16,MSFT,Microsoft,BUY,2,293.00,1.75,587.75,Firstrade,
2021-09-16,MSFT,Microsoft,BUY,2,303.76,1.82,609.34,Firstrade,
2021-10-18,MSFT,Microsoft,BUY,2,303.14,1.81,608.09,Firstrade,
2021-11-16,MSFT,Microsoft,BUY,2,335.65,2.01,673.31,Firstrade,
2021-12-16,MSFT,Microsoft,BUY,2,335.83,2.01,673.67,Firstrade,
2022-01-18,MSFT,Microsoft,BUY,2,304.37,1.82,610.56,Firstrade,
2022-02-16,MSFT,Microsoft,BUY,2,298.18,1.78,598.14,Firstrade,
2022-03-16,MSFT,Microsoft,BUY,2,289.11,1.73,579.95,Firstrade,
2022-04-18,MSFT,Microsoft,BUY,2,279.00,1.00,559.00,Firstrade,
2022-05-18,MSFT,Microsoft,BUY,1,259.79,0.46,260.25,Firstrade,
2022-06-16,MSFT,Microsoft,BUY,1,246.07,0.44,246.51,Firstrade,
2022-07-18,MSFT,Microsoft,BUY,1,259.68,0.46,260.14,Firstrade,
2022-08-16,MSFT,Microsoft,BUY,1,291.79,0.52,292.31,Firstrade,
2022-09-16,MSFT,Microsoft,BUY,1,244.38,0.43,244.81,Firstrade,
2022-05-26,BND,Vanguard Total Bond ETF,BUY,2,77.01,0.27,154.29,Firstrade,
2022-06-06,BND,Vanguard Total Bond ETF,BUY,2,76.03,0.27,152.33,Firstrade,
2022-06-16,BND,Vanguard Total Bond ETF,BUY,2,73.49,0.26,147.24,Firstrade,
2022-06-27,BND,Vanguard Total Bond ETF,BUY,2,74.54,0.26,149.34,Firstrade,
2022-07-06,BND,Vanguard Total Bond ETF,BUY,2,76.02,0.27,152.31,Firstrade,
2022-07-18,BND,Vanguard Total Bond ETF,BUY,2,75.45,0.27,151.17,Firstrade,
2022-07-26,BND,Vanguard Total Bond ETF,BUY,2,76.51,0.27,153.29,Firstrade,
2022-08-08,BND,Vanguard Total Bond ETF,BUY,2,76.30,0.27,152.87,Firstrade,
2022-08-16,BND,Vanguard Total Bond ETF,BUY,2,76.27,0.27,152.81,Firstrade,
2022-08-26,BND,Vanguard Total Bond ETF,BUY,2,75.23,0.27,150.73,Firstrade,
2022-09-06,BND,Vanguard Total Bond ETF,BUY,2,73.94,0.26,148.14,Firstrade,
2022-09-16,BND,Vanguard Total Bond ETF,BUY,2,73.12,0.26,146.50,Firstrade,
2022-09-26,BND,Vanguard Total Bond ETF,BUY,2,71.76,0.25,143.77,Firstrade,
2022-10-06,BND,Vanguard Total Bond ETF,BUY,9,71.53,1.00,644.77,Firstrade,大筆買進
2022-10-13,BND,Vanguard Total Bond ETF,BUY,4,69.81,0.50,279.74,Firstrade,
2022-10-24,BND,Vanguard Total Bond ETF,BUY,3,69.47,0.37,208.78,Firstrade,
2022-11-07,BND,Vanguard Total Bond ETF,BUY,4,69.89,0.50,280.06,Firstrade,
2022-11-14,BND,Vanguard Total Bond ETF,BUY,4,71.31,0.51,285.75,Firstrade,
2022-11-23,BND,Vanguard Total Bond ETF,BUY,10,72.23,1.00,723.30,Firstrade,
2022-12-06,BND,Vanguard Total Bond ETF,BUY,5,73.08,0.65,366.05,Firstrade,
2022-12-13,BND,Vanguard Total Bond ETF,BUY,5,74.09,0.66,371.11,Firstrade,
2022-12-23,BND,Vanguard Total Bond ETF,BUY,10,72.50,1.00,726.00,Firstrade,
2023-01-06,BND,Vanguard Total Bond ETF,BUY,5,72.63,0.65,363.80,Firstrade,
2023-01-13,BND,Vanguard Total Bond ETF,BUY,5,74.06,0.66,370.96,Firstrade,
2023-01-23,BND,Vanguard Total Bond ETF,BUY,10,73.88,1.00,739.80,Firstrade,
2025-01-23,BND,Vanguard Total Bond ETF,BUY,1,71.99,0.07,72.06,Firstrade,恢復定期定額
2025-02-24,BND,Vanguard Total Bond ETF,BUY,1,72.71,0.07,72.78,Firstrade,
2025-03-24,BND,Vanguard Total Bond ETF,BUY,1,73.19,0.07,73.26,Firstrade,
2025-04-23,BND,Vanguard Total Bond ETF,BUY,1,73.04,0.07,73.11,Firstrade,
2025-05-23,BND,Vanguard Total Bond ETF,BUY,1,72.27,0.07,72.34,Firstrade,
2025-06-23,BND,Vanguard Total Bond ETF,BUY,1,73.01,0.07,73.08,Firstrade,
2025-07-23,BND,Vanguard Total Bond ETF,BUY,1,73.08,0.07,73.15,Firstrade,
2025-08-26,BND,Vanguard Total Bond ETF,BUY,1,73.63,0.01,73.64,Firstrade,手續費降至$0.01
2025-09-23,BND,Vanguard Total Bond ETF,BUY,1,74.37,0.01,74.38,Firstrade,
2025-10-23,BND,Vanguard Total Bond ETF,BUY,1,74.99,0.01,75.00,Firstrade,
2025-11-24,BND,Vanguard Total Bond ETF,BUY,1,74.62,0.01,74.63,Firstrade,
2025-12-23,BND,Vanguard Total Bond ETF,BUY,1,73.87,0.01,73.88,Firstrade,
2026-01-23,BND,Vanguard Total Bond ETF,BUY,1,74.20,0.01,74.21,Firstrade,
2026-02-23,BND,Vanguard Total Bond ETF,BUY,1,74.84,0.01,74.85,Firstrade,
2026-03-23,BND,Vanguard Total Bond ETF,BUY,1,73.30,0.01,73.31,Firstrade,
2026-04-23,BND,Vanguard Total Bond ETF,BUY,1,73.86,0.01,73.87,Firstrade,
2026-05-26,BND,Vanguard Total Bond ETF,BUY,1,73.26,0.01,73.27,Firstrade,
2026-06-23,BND,Vanguard Total Bond ETF,BUY,1,73.20,0.01,73.21,Firstrade,
